date,return
1899-12-31,0.09970524369999999
1900-01-31,0.10134169999999999
1900-02-28,0.10348389999999999
1900-03-31,0.1046309
1900-04-30,0.10629389999999998
1900-05-31,0.1015908
1900-06-30,0.09889099999999999
1900-07-31,0.09921569999999999
1900-08-31,0.1009062
1900-09-30,0.09887610000000001
1900-10-31,0.1028224
1900-11-30,0.1112348
1900-12-31,0.1183049
1901-01-31,0.1221183
1901-02-28,0.1255989
1901-03-31,0.1304587
1901-04-30,0.1417526
1901-05-31,0.1349717
1901-06-30,0.1487999
1901-07-31,0.1392172
1901-08-31,0.14154239999999998
1901-09-30,0.1412525
1901-10-31,0.1400824
1901-11-30,0.14350439999999998
1901-12-31,0.1416333
1902-01-31,0.1450995
1902-02-28,0.14678210000000003
1902-03-31,0.1474095
1902-04-30,0.1528928
1902-05-31,0.15296429999999997
1902-06-30,0.1525101
1902-07-31,0.1564144
1902-08-31,0.16106199999999998
1902-09-30,0.1618976
1902-10-31,0.1572458
1902-11-30,0.1516545
1902-12-31,0.1486317
1903-01-31,0.15668339999999997
1903-02-28,0.1562428
1903-03-31,0.1505986
1903-04-30,0.144933
1903-05-31,0.142617
1903-06-30,0.13523970000000002
1903-07-31,0.1314235
1903-08-31,0.1258853
1903-09-30,0.12336130000000001
1903-10-31,0.11987249999999999
1903-11-30,0.12077560000000001
1903-12-31,0.126834
1904-01-31,0.1294239
1904-02-29,0.1264056
1904-03-31,0.12648810000000002
1904-04-30,0.1300855
1904-05-31,0.1278202
1904-06-30,0.1284937
1904-07-31,0.1343059
1904-08-31,0.1393468
1904-09-30,0.1459953
1904-10-31,0.15505850000000002
1904-11-30,0.1639493
1904-12-31,0.16604720000000003
1905-01-31,0.170172
1905-02-28,0.1781561
1905-03-31,0.1837319
1905-04-30,0.182016
1905-05-31,0.1735754
1905-06-30,0.1761297
1905-07-31,0.1821741
1905-08-31,0.18947920000000001
1905-09-30,0.1906293
1905-10-31,0.1938571
1905-11-30,0.1933663
1905-12-31,0.19868989999999997
1906-01-31,0.20611439999999998
1906-02-28,0.20521710000000004
1906-03-31,0.2007769
1906-04-30,0.1986309
1906-05-31,0.1939515
1906-06-30,0.1970714
1906-07-31,0.19257439999999998
1906-08-31,0.20739470000000002
1906-09-30,0.21440920000000002
1906-10-31,0.21375709999999998
1906-11-30,0.2135435
1906-12-31,0.2122817
1907-01-31,0.20692339999999998
1907-02-28,0.20112320000000003
1907-03-31,0.1820944
1907-04-30,0.18370920000000002
1907-05-31,0.1780983
1907-06-30,0.1731315
1907-07-31,0.18051729999999996
1907-08-31,0.1677467
1907-09-30,0.1667404
1907-10-31,0.1493942
1907-11-30,0.14138599999999998
1907-12-31,0.14938410000000002
1908-01-31,0.15651379999999998
1908-02-29,0.1515581
1908-03-31,0.158497
1908-04-30,0.1677766
1908-05-30,0.177551
1908-06-30,0.1785185
1908-07-31,0.1858029
1908-08-31,0.19452529999999998
1908-09-30,0.193153
1908-10-31,0.19628620000000002
1908-11-30,0.2103496
1908-12-31,0.2158794
1909-01-31,0.2173836
1909-02-28,0.21193879999999998
1909-03-31,0.21562910000000002
1909-04-30,0.2261078
1909-05-31,0.23444229999999996
1909-06-30,0.2394061
1909-07-31,0.2436599
1909-08-31,0.250381
1909-09-30,0.2514833
1909-10-31,0.253331
1909-11-30,0.25295619999999996
1909-12-31,0.2568274
1910-01-31,0.2522215
1910-02-28,0.2441013
1910-03-31,0.251031
1910-04-30,0.2458844
1910-05-31,0.2427438
1910-06-30,0.23199570000000003
1910-07-31,0.22120820000000002
1910-08-31,0.2275308
1910-09-30,0.23004120000000003
1910-10-31,0.2416013
1910-11-30,0.24232150000000002
1910-12-31,0.2365415
1911-01-31,0.2433134
1911-02-28,0.24853809999999998
1911-03-31,0.2466379
1911-04-30,0.2465801
1911-05-31,0.252904
1911-06-30,0.2589831
1911-07-31,0.258922
1911-08-31,0.24756889999999998
1911-09-30,0.23508629999999997
1911-10-31,0.23745879999999997
1911-11-30,0.2480107
1911-12-31,0.250132
1912-01-31,0.2514166
1912-02-29,0.2502329
1912-03-31,0.2584832
1912-04-30,0.26760290000000003
1912-05-31,0.2678306
1912-06-30,0.2694578
1912-07-31,0.270809
1912-08-30,0.27809040000000007
1912-09-30,0.2805722
1912-10-31,0.2810765
1912-11-30,0.2790114
1912-12-31,0.27006209999999997
1913-01-31,0.2688454
1913-02-28,0.26037319999999997
1913-03-31,0.2565306
1913-04-30,0.25733449999999997
1913-05-31,0.2514118
1913-06-30,0.2398899
1913-07-31,0.24427220000000002
1913-08-31,0.2519369
1913-09-30,0.2554602
1913-10-31,0.24847080000000002
1913-11-30,0.243304
1913-12-31,0.24409120000000004
1914-01-31,0.25519189999999997
1914-02-28,0.2596424
1914-03-31,0.2558261
1914-04-30,0.2507584
1914-05-31,0.2533874
1914-06-30,0.2532121
1914-07-31,0.2402571
1914-08-31,0.2202694
1914-09-30,0.2212459
1914-10-31,0.2101169
1914-11-30,0.2191681
1914-12-31,0.23511089999999998
1915-01-31,0.24038400000000001
1915-02-28,0.2382909
1915-03-31,0.2455257
1915-04-30,0.2651197
1915-05-31,0.26004479999999996
1915-06-30,0.2641042
1915-07-31,0.2642173
1915-08-31,0.2765434
1915-09-30,0.2879241
1915-10-31,0.30499970000000004
1915-11-30,0.3167934
1915-12-31,0.31860609999999995
1916-01-31,0.3147355
1916-02-29,0.31152420000000003
1916-03-31,0.311841
1916-04-30,0.3097769
1916-05-31,0.3179533
1916-06-30,0.3225009
1916-07-31,0.31950850000000003
1916-08-31,0.32343940000000004
1916-09-30,0.3381982
1916-10-31,0.35024279999999997
1916-11-30,0.35988509999999996
1916-12-31,0.3470828
1917-01-31,0.3403744
1917-02-28,0.3232753
1917-03-31,0.33512129999999996
1917-04-30,0.33191390000000004
1917-05-31,0.32253990000000005
1917-06-30,0.3310343
1917-07-31,0.3238672
1917-08-31,0.3162596
1917-09-30,0.30304790000000004
1917-10-31,0.2886282
1917-11-30,0.26657559999999997
1917-12-31,0.25948330000000003
1918-01-31,0.2801841
1918-02-28,0.287904
1918-03-31,0.27879840000000006
1918-04-30,0.2843078
1918-05-31,0.29076209999999997
1918-06-30,0.29914409999999997
1918-07-31,0.2991709
1918-08-31,0.30767459999999996
1918-09-30,0.3043617
1918-10-31,0.32197159999999997
1918-11-30,0.3190449
1918-12-31,0.3257875
1919-01-31,0.3223885
1919-02-28,0.33507359999999997
1919-03-31,0.33881690000000003
1919-04-30,0.35837179999999996
1919-05-31,0.3894046
1919-06-30,0.3801224
1919-07-31,0.4053237
1919-08-31,0.3754137
1919-09-30,0.38463
1919-10-31,0.4156956
1919-11-30,0.3929594
1919-12-31,0.39314390000000005
1920-01-31,0.38357070000000004
1920-02-29,0.3569835
1920-03-31,0.3939621
1920-04-30,0.36709309999999995
1920-05-31,0.354232
1920-06-30,0.352885
1920-07-31,0.34627659999999993
1920-08-30,0.3503361
1920-09-30,0.35435959999999994
1920-10-31,0.3605752
1920-11-30,0.33334590000000003
1920-12-31,0.31573559999999995
1921-01-31,0.3306949
1921-02-28,0.3298123
1921-03-31,0.32391640000000005
1921-04-30,0.3329626
1921-05-31,0.32852220000000004
1921-06-30,0.30607890000000004
1921-07-31,0.31626550000000003
1921-08-31,0.311747
1921-09-30,0.32201609999999997
1921-10-31,0.3312172
1921-11-30,0.35431090000000004
1921-12-31,0.3618295
1922-01-31,0.3666477
1922-02-28,0.3796895
1922-03-31,0.3939587
1922-04-30,0.41829809999999995
1922-05-31,0.44158379999999997
1922-06-30,0.425
1922-07-31,0.43236450000000004
1922-08-31,0.4650896
1922-09-30,0.4604403
1922-10-31,0.4733728
1922-11-30,0.452276
1922-12-31,0.46239440000000004
1923-01-31,0.4649428
1923-02-28,0.49720529999999996
1923-03-31,0.4923438
1923-04-30,0.48126759999999996
1923-05-31,0.4639206
1923-06-30,0.4301387
1923-07-31,0.44054
1923-08-31,0.4497532
1923-09-30,0.4379582
1923-10-31,0.4389335
1923-11-30,0.465725
1923-12-31,0.48167390000000004
1924-01-31,0.49836379999999997
1924-02-29,0.49026379999999997
1924-03-31,0.47950699999999996
1924-04-30,0.4779227
1924-05-31,0.48298729999999995
1924-06-30,0.5027858000000001
1924-07-31,0.5274007
1924-08-31,0.5325456000000001
1924-09-30,0.5356882
1924-10-31,0.5334251999999999
1924-11-30,0.5727886999999999
1924-12-31,0.6054851
1925-01-31,0.6203951
1925-02-28,0.6284976999999999
1925-03-31,0.5893733
1925-04-30,0.6101352
1925-05-31,0.6443424
1925-06-30,0.6498682
1925-07-31,0.6759785
1925-08-31,0.6809187
1925-09-30,0.7016168
1925-10-31,0.7446916
1925-11-30,0.7455153
1925-12-31,0.784385
1926-01-31,0.7861968
1926-02-28,0.7545576
1926-03-31,0.7128995
1926-04-30,0.7303524
1926-05-31,0.741047
1926-06-30,0.7762821
1926-07-31,0.7940956
1926-08-31,0.8322881999999999
1926-09-30,0.8548813
1926-10-31,0.8316404000000001
1926-11-30,0.8538415000000001
1926-12-31,0.8717511999999998
1927-01-31,0.8573064
1927-02-28,0.9019647
1927-03-31,0.9115673000000001
1927-04-30,0.9310359
1927-05-31,0.983527
1927-06-30,0.9780999
1927-07-31,1.0457356
1927-08-31,1.096377
1927-09-30,1.1357993999999998
1927-10-31,1.0908608999999998
1927-11-30,1.1689201
1927-12-31,1.1953976
1928-01-31,1.1934383999999998
1928-02-29,1.1765632
1928-03-31,1.3085127
1928-04-30,1.3553118999999998
1928-05-31,1.3767566999999998
1928-06-30,1.3253353
1928-07-31,1.3463836999999999
1928-08-31,1.4508552
1928-09-30,1.4902198999999998
1928-10-31,1.516499
1928-11-30,1.7032356
1928-12-31,1.7130997
1929-01-31,1.8157046000000001
1929-02-28,1.8099973999999999
1929-03-31,1.8105839
1929-04-30,1.8446588
1929-05-31,1.7705061000000002
1929-06-30,1.9747813000000003
1929-07-31,2.0701345
1929-08-31,2.2785214
1929-09-30,2.1723835
1929-10-31,1.7442315
1929-11-30,1.5164600000000001
1929-12-31,1.5605153999999999
1930-01-31,1.6642984
1930-02-28,1.7058484
1930-03-31,1.8473615
1930-04-30,1.8353416
1930-05-31,1.8115646
1930-06-30,1.5189683999999999
1930-07-31,1.5799317
1930-08-31,1.597911
1930-09-30,1.3947126
1930-10-31,1.27621
1930-11-30,1.2543464
1930-12-31,1.1663714
1931-01-31,1.2293176000000001
1931-02-28,1.37543
1931-03-31,1.2849191999999998
1931-04-30,1.1667565
1931-05-31,1.0118586999999999
1931-06-30,1.1582503
1931-07-31,1.0764603000000001
1931-08-31,1.0923675
1931-09-30,0.7687328
1931-10-31,0.8385132
1931-11-30,0.7604914
1931-12-31,0.6548244000000001
1932-01-31,0.6396390000000001
1932-02-29,0.6777335
1932-03-31,0.6009719
1932-04-30,0.48226
1932-05-31,0.37258320000000006
1932-06-30,0.3723979
1932-07-31,0.5157978
1932-08-31,0.7131453000000001
1932-09-30,0.6902849
1932-10-31,0.5962804
1932-11-30,0.5645238
1932-12-31,0.5967992
1933-01-31,0.6040021
1933-02-28,0.49470699999999995
1933-03-31,0.513793
1933-04-30,0.7341757
1933-05-31,0.8550084000000001
1933-06-30,0.9703936
1933-07-31,0.8864118000000001
1933-08-31,0.9911459
1933-09-30,0.8809173
1933-10-31,0.8042085999999999
1933-11-30,0.8904169
1933-12-31,0.9124754999999999
1934-01-31,1.0121498
1934-02-28,0.9772158000000001
1934-03-31,0.9800253000000001
1934-04-30,0.9563148000000001
1934-05-31,0.8808065
1934-06-30,0.9020411
1934-07-31,0.8003925000000001
1934-08-31,0.8462703000000001
1934-09-30,0.8457215
1934-10-31,0.8204724
1934-11-30,0.8927828999999999
1934-12-31,0.8911186
1935-01-31,0.857453
1935-02-28,0.8260036000000001
1935-03-31,0.8027723000000001
1935-04-30,0.8835354999999999
1935-05-31,0.9152984000000001
1935-06-30,0.9800460999999999
1935-07-31,1.0652868
1935-08-31,1.0918157
1935-09-30,1.1208595
1935-10-31,1.2099305
1935-11-30,1.2601738
1935-12-31,1.3117985
1936-01-31,1.4019226
1936-02-29,1.4294361
1936-03-31,1.4693824
1936-04-30,1.3598089
1936-05-31,1.4265489
1936-06-30,1.4747762
1936-07-31,1.5812343999999998
1936-08-31,1.5988597
1936-09-30,1.606465
1936-10-31,1.7338144
1936-11-30,1.7462058999999996
1936-12-31,1.7420811
1937-01-31,1.8148384999999998
1937-02-28,1.8481246
1937-03-31,1.8365116999999997
1937-04-30,1.6913985
1937-05-31,1.6804542000000002
1937-06-30,1.5991729
1937-07-31,1.7692741
1937-08-31,1.6788351000000001
1937-09-30,1.4470399
1937-10-31,1.3071033
1937-11-30,1.1810358
1937-12-31,1.1278638
1938-01-31,1.1509898
1938-02-28,1.2284881
1938-03-31,0.9273891
1938-04-30,1.0646283
1938-05-31,1.0243871
1938-06-30,1.2845161
1938-07-31,1.3829673
1938-08-31,1.3511566000000002
1938-09-30,1.3784968
1938-10-31,1.4868059999999998
1938-11-30,1.4432395
1938-12-31,1.502304
1939-01-31,1.404123
1939-02-28,1.4550524999999999
1939-03-31,1.2624601
1939-04-30,1.2602912
1939-05-31,1.3438853000000002
1939-06-30,1.2629068
1939-07-31,1.4060553
1939-08-31,1.3114985000000001
1939-09-30,1.5326006
1939-10-31,1.516437
1939-11-30,1.4481358999999998
1939-12-31,1.4886396000000002
1940-01-31,1.4423768
1940-02-29,1.4577013
1940-03-31,1.4791416000000002
1940-04-30,1.4780733999999998
1940-05-31,1.1303902
1940-06-30,1.2245434
1940-07-31,1.2684523
1940-08-31,1.3079322
1940-09-30,1.3289022
1940-10-31,1.3876363999999999
1940-11-30,1.3362817
1940-12-31,1.3385479999999998
1941-01-31,1.2819881000000002
1941-02-28,1.2699581
1941-03-31,1.2820508
1941-04-30,1.2067985
1941-05-31,1.2175034
1941-06-30,1.2906354
1941-07-31,1.3692431999999999
1941-08-31,1.3653266000000002
1941-09-30,1.3596967
1941-10-31,1.2752603
1941-11-30,1.2291503000000001
1941-12-31,1.1810368999999998
1942-01-31,1.2051308
1942-02-28,1.1746372999999999
1942-03-31,1.1109441
1942-04-30,1.0700325000000002
1942-05-31,1.1461658000000001
1942-06-30,1.174994
1942-07-31,1.2191121999999999
1942-08-31,1.2350131000000002
1942-09-30,1.2753729999999999
1942-10-31,1.3645973
1942-11-30,1.3528866000000002
1942-12-31,1.4299496
1943-01-31,1.5396048
1943-02-28,1.6247658
1943-03-31,1.7176904
1943-04-30,1.7264659
1943-05-31,1.8112468999999998
1943-06-30,1.8545006000000002
1943-07-31,1.7614044999999998
1943-08-31,1.7870343999999998
1943-09-30,1.8370155
1943-10-31,1.8204183
1943-11-30,1.6907403000000003
1943-12-31,1.7982698000000001
1944-01-31,1.833965
1944-02-29,1.8373253
1944-03-31,1.8764478999999998
1944-04-30,1.861231
1944-05-31,1.9447256999999998
1944-06-30,2.0521912
1944-07-31,2.0179431
1944-08-31,2.0438715
1944-09-30,2.0460008999999997
1944-10-31,2.0545429
1944-11-30,2.0711578999999998
1944-12-31,2.1524127999999996
1945-01-31,2.1919952
1945-02-28,2.3358859
1945-03-31,2.2369324
1945-04-30,2.4426131
1945-05-31,2.4795092
1945-06-30,2.4801874
1945-07-31,2.4395652
1945-08-31,2.590176
1945-09-30,2.7079019
1945-10-31,2.7992174
1945-11-30,2.8992508
1945-12-31,2.9371946
1946-01-31,3.1515013
1946-02-28,2.942205
1946-03-31,3.0880639
1946-04-30,3.2138739
1946-05-31,3.2955468
1946-06-30,3.1764179
1946-07-31,3.1052666
1946-08-31,2.8887315
1946-09-30,2.6058909
1946-10-31,2.5964595
1946-11-30,2.5759624
1946-12-31,2.6969206000000003
1947-01-31,2.7696402
1947-02-28,2.7404749
1947-03-31,2.7060854
1947-04-30,2.6118344
1947-05-31,2.5991085
1947-06-30,2.7479487999999996
1947-07-31,2.8599382
1947-08-31,2.789648
1947-09-30,2.7626191
1947-10-31,2.8353295
1947-11-30,2.7671745999999997
1947-12-31,2.8382415
1948-01-31,2.7392548999999997
1948-02-29,2.6233572999999994
1948-03-31,2.8371699
1948-04-30,2.92634
1948-05-31,3.1683112
1948-06-30,3.1937164
1948-07-31,3.0346436000000003
1948-08-31,3.072669
1948-09-30,2.994543
1948-10-31,3.2115766
1948-11-30,2.8793101
1948-12-31,2.9829645
1949-01-31,3.0039446
1949-02-28,2.9007942000000004
1949-03-31,3.0044526
1949-04-30,2.9586064
1949-05-31,2.8644895
1949-06-30,2.8740224999999997
1949-07-31,3.0731599
1949-08-31,3.1268550999999998
1949-09-30,3.217072
1949-10-31,3.3318297999999995
1949-11-30,3.3552833
1949-12-31,3.5218309999999997
1950-01-31,3.6032511
1950-02-28,3.6597696
1950-03-31,3.6953779000000004
1950-04-30,3.8834568999999997
1950-05-31,4.0575362
1950-06-30,3.8436294
1950-07-31,3.9003181000000002
1950-08-31,4.051352
1950-09-30,4.3021705
1950-10-31,4.346972900000001
1950-11-30,4.3697707
1950-12-31,4.5987770999999995
1951-01-31,4.9089774
1951-02-28,4.9694039000000005
1951-03-31,4.9070849999999995
1951-04-30,5.1730553
1951-05-31,4.9931669
1951-06-30,4.8933852
1951-07-31,5.2591626
1951-08-30,5.4955155
1951-09-30,5.5206733
1951-10-31,5.4726267
1951-11-30,5.4863323
1951-12-31,5.7279092
1952-01-31,5.8472676
1952-02-29,5.662326599999999
1952-03-31,5.960815599999999
1952-04-30,5.734816
1952-05-31,5.8945775000000005
1952-06-30,6.1969653
1952-07-31,6.3377105
1952-08-31,6.2767987000000005
1952-09-30,6.184031299999999
1952-10-31,6.207082499999999
1952-11-30,6.527116400000001
1952-12-31,6.787633500000001
1953-01-31,6.7693558000000005
1953-02-28,6.676612599999999
1953-03-31,6.547928
1953-04-30,6.404346599999999
1953-05-31,6.4169508
1953-06-30,6.3425404
1953-07-31,6.5357176
1953-08-31,6.1879737
1953-09-30,6.2259912
1953-10-31,6.577350200000001
1953-11-30,6.6670837
1953-12-31,6.713057000000001
1954-01-31,7.0903463
1954-02-28,7.1443068
1954-03-31,7.391058900000001
1954-04-30,7.7871353
1954-05-31,8.0772115
1954-06-30,8.1175418
1954-07-31,8.6135206
1954-08-31,8.3559998
1954-09-30,9.0850637
1954-10-31,8.9443374
1954-11-30,9.7022393
1954-12-31,10.2309499
1955-01-31,10.4504356
1955-02-28,10.527158
1955-03-31,10.5139594
1955-04-30,10.9446553
1955-05-31,10.9679486
1955-06-30,11.908499800000001
1955-07-31,12.6738449
1955-08-31,12.614154199999998
1955-09-30,12.7969921
1955-10-31,12.445911099999998
1955-11-30,13.418873499999998
1955-12-31,13.4464101
1956-01-31,13.0012485
1956-02-29,13.492371599999998
1956-03-31,14.4722957
1956-04-30,14.486981
1956-05-31,13.577880800000003
1956-06-30,14.156344099999998
1956-07-31,14.9313228
1956-08-31,14.406565300000002
1956-09-30,13.7999755
1956-10-31,13.9166051
1956-11-30,13.807124700000001
1956-12-31,14.3375005
1957-01-31,13.7821348
1957-02-28,13.3757546
1957-03-31,13.683122599999999
1957-04-30,14.2334506
1957-05-31,14.804240599999998
1957-06-30,14.830485500000002
1957-07-31,15.0454211
1957-08-31,14.246700500000001
1957-09-30,13.410770900000001
1957-10-31,13.0279806
1957-11-30,13.2847165
1957-12-31,12.7813799
1958-01-31,13.3750125
1958-02-28,13.1464391
1958-03-31,13.5994665
1958-04-30,14.0788642
1958-05-31,14.3362077
1958-06-30,14.7569665
1958-07-31,15.440119699999999
1958-08-31,15.670476800000001
1958-09-30,16.4759359
1958-10-31,16.94193
1958-11-30,17.369564999999998
1958-12-31,18.321398100000003
1959-01-31,18.439976100000003
1959-02-28,18.4856596
1959-03-31,18.5448357
1959-04-30,19.3139426
1959-05-31,19.729514399999996
1959-06-30,19.7090379
1959-07-31,20.4475018
1959-08-31,20.1910165
1959-09-30,19.3206116
1959-10-31,19.5897782
1959-11-30,19.9005511
1959-12-31,20.5024572
1960-01-31,19.092629100000003
1960-02-29,19.3232831
1960-03-31,19.110448
1960-04-30,18.8316498
1960-05-31,19.3935764
1960-06-30,19.8287235
1960-07-31,19.3940964
1960-08-31,19.9574147
1960-09-30,18.809002800000002
1960-10-31,18.820231200000002
1960-11-30,19.635382500000002
1960-12-31,20.601492800000003
1961-01-31,21.9599142
1961-02-28,22.607469299999998
1961-03-31,23.2423478
1961-04-30,23.3894049
1961-05-31,23.894871
1961-06-30,23.267208800000002
1961-07-31,24.0854523
1961-08-31,24.617009200000002
1961-09-30,24.1915325
1961-10-31,24.9376595
1961-11-30,25.9800102
1961-12-31,26.125043100000003
1962-01-31,25.1975421
1962-02-28,25.6698079
1962-03-31,25.58168
1962-04-30,24.0595787
1962-05-31,22.053914199999998
1962-06-30,20.312513
1962-07-31,21.6678805
1962-08-31,22.0635877
1962-09-30,21.0647174
1962-10-31,21.224777399999997
1962-11-30,23.4469354
1962-12-31,23.8302102
1963-01-31,25.0686604
1963-02-28,24.413141600000003
1963-03-31,25.346979100000002
1963-04-30,26.646587699999998
1963-05-31,27.0983924
1963-06-30,26.621205199999995
1963-07-31,26.5998479
1963-08-31,27.967460499999998
1963-09-30,27.7298451
1963-10-31,28.6966998
1963-11-30,28.467850399999996
1963-12-31,29.237586600000004
1964-01-31,30.1004049
1964-02-29,30.473085600000005
1964-03-31,31.011322999999997
1964-04-30,31.2777934
1964-05-31,31.7140316
1964-06-30,32.3130738
1964-07-31,32.9827909
1964-08-31,32.5280627
1964-09-30,33.543073
1964-10-31,33.89715770000001
1964-11-30,33.80458
1964-12-31,34.020150799999996
1965-01-31,35.233368799999994
1965-02-28,35.2666652
1965-03-31,34.8401124
1965-04-30,36.1209705
1965-05-31,35.929387
1965-06-30,34.2703896
1965-07-31,34.8210502
1965-08-31,35.6957865
1965-09-30,36.9291487
1965-10-31,38.0319448
1965-11-30,37.7919241
1965-12-31,38.223618200000004
1966-01-31,38.505415899999996
1966-02-28,37.9133458
1966-03-31,37.182675599999996
1966-04-30,38.043588899999996
1966-05-31,36.0825601
1966-06-30,35.5990545
1966-07-31,35.2214065
1966-08-31,32.5844091
1966-09-30,32.4578438
1966-10-31,34.1024692
1966-11-30,34.310544799999995
1966-12-31,34.3612885
1967-01-31,37.1509932
1967-02-28,37.3275205
1967-03-31,38.90270770000001
1967-04-30,40.6500053
1967-05-31,38.622910299999994
1967-06-30,39.404086299999996
1967-07-31,41.296557
1967-08-30,40.9188794
1967-09-30,42.3667657
1967-10-31,41.242369700000005
1967-11-30,41.3932915
1967-12-31,42.5882308
1968-01-31,40.829418200000006
1968-02-29,39.663380700000005
1968-03-31,40.1453223
1968-04-30,43.4871413
1968-05-31,44.142691
1968-06-30,44.6566527
1968-07-31,43.9447361
1968-08-30,44.5616408
1968-09-30,46.3927866
1968-10-31,46.8428151
1968-11-30,49.2053729
1968-12-31,47.2739305
1969-01-31,47.0046446
1969-02-28,44.895759600000005
1969-03-31,46.5601943
1969-04-30,47.679800799999995
1969-05-31,47.6941643
1969-06-30,45.1635799
1969-07-31,42.567046500000004
1969-08-31,44.3946309
1969-09-30,43.405635100000005
1969-10-31,45.3927449
1969-11-30,43.9688232
1969-12-31,43.271929899999996
1970-01-31,40.0870625
1970-02-28,42.3238777
1970-03-31,42.5103905
1970-04-30,38.789576399999994
1970-05-31,36.550675299999995
1970-06-30,34.8483936
1970-07-31,37.530081200000005
1970-08-31,39.3263412
1970-09-30,40.7958919
1970-10-31,40.4143287
1970-11-30,42.4588811
1970-12-31,44.9966073
1971-01-31,46.9443652
1971-02-28,47.497046600000004
1971-03-31,49.3719571
1971-04-30,51.2905986
1971-05-31,49.2864451
1971-06-30,49.4488975
1971-07-31,47.5330724
1971-08-31,49.3768453
1971-09-30,49.1611105
1971-10-31,47.23445460000001
1971-11-30,47.2425364
1971-12-31,51.442581200000006
1972-01-31,52.503540599999994
1972-02-29,53.768826399999995
1972-03-31,54.40960329999999
1972-04-30,54.777942200000005
1972-05-31,55.7624647
1972-06-30,54.766156499999994
1972-07-31,55.0252356
1972-08-31,57.052460200000006
1972-09-30,56.90713470000001
1972-10-31,57.5723192
1972-11-30,60.4374979
1972-12-31,61.183547600000004
1973-01-31,60.273422700000005
1973-02-28,58.151052899999996
1973-03-31,58.205169
1973-04-30,55.97044770000001
1973-05-31,55.0540001
1973-06-30,54.832876299999995
1973-07-31,57.0587743
1973-08-31,55.1094265
1973-09-30,57.4633429
1973-10-31,57.538360600000004
1973-11-30,51.13655120000001
1973-12-31,52.1337402
1974-01-31,51.763107500000004
1974-02-28,51.7293687
1974-03-31,50.6792114
1974-04-30,48.857608299999995
1974-05-31,47.3761698
1974-06-30,46.8397049
1974-07-31,43.3590765
1974-08-31,39.6083729
1974-09-30,35.045953600000004
1974-10-31,40.9255057
1974-11-30,38.915386600000005
1974-12-31,38.298007299999995
1975-01-31,43.1723982
1975-02-28,45.929398600000006
1975-03-31,47.0978446
1975-04-30,49.498607299999996
1975-05-31,51.8568221
1975-06-30,54.331253000000004
1975-07-31,50.8319675
1975-08-31,49.937982399999996
1975-09-30,48.3854222
1975-10-31,51.5448374
1975-11-30,52.995788899999994
1975-12-31,52.56401949999999
1976-01-31,58.961934899999996
1976-02-29,58.4693807
1976-03-31,60.444036499999996
1976-04-30,59.96374839999999
1976-05-31,59.2870988
1976-06-30,61.8991571
1976-07-31,61.590886499999996
1976-08-30,61.4662853
1976-09-30,63.049668999999994
1976-10-31,61.850176600000005
1976-11-30,61.572350199999995
1976-12-31,65.0083427
1977-01-31,61.93484599999999
1977-02-28,60.805395499999996
1977-03-31,60.1654166
1977-04-30,60.399798700000005
1977-05-31,59.1994441
1977-06-30,62.108545299999996
1977-07-31,61.33268689999999
1977-08-31,60.27478879999999
1977-09-30,60.3587874
1977-10-31,57.9823076
1977-11-30,59.789970999999994
1977-12-31,60.205542200000004
1978-01-31,56.7553642
1978-02-28,55.604142
1978-03-31,57.24591949999999
1978-04-30,62.398185
1978-05-31,62.92609720000001
1978-06-30,62.084313
1978-07-31,65.7033488
1978-08-31,67.6796207
1978-09-30,67.4625434
1978-10-31,61.5625512
1978-11-30,62.8659749
1978-12-31,64.082723
1979-01-31,66.9184918
1979-02-28,64.76439
1979-03-31,68.6278204
1979-04-30,69.04341090000001
1979-05-31,67.5270032
1979-06-30,70.440646
1979-07-31,71.3711109
1979-08-31,75.4749972
1979-09-30,75.7919922
1979-10-31,70.9187012
1979-11-30,74.26936440000001
1979-12-31,75.84376759999999
1980-01-31,80.55380840000001
1980-02-29,80.5418517
1980-03-31,72.6855319
1980-04-30,76.0283503
1980-05-31,79.9231262
1980-06-30,82.4342241
1980-07-31,88.1607071
1980-08-31,89.0416891
1980-09-30,91.65082009999999
1980-10-31,93.4939664
1980-11-30,103.4417905
1980-12-31,100.3158824
1981-01-31,96.1140819
1981-02-28,97.7780998
1981-03-31,101.69130940000001
1981-04-30,99.7041017
1981-05-31,99.9387565
1981-06-30,99.29995490000002
1981-07-31,99.49166640000001
1981-08-31,93.7262457
1981-09-30,89.0953811
1981-10-31,93.8979795
1981-11-30,97.7595762
1981-12-31,95.2469162
1982-01-31,94.01104570000001
1982-02-28,88.756027
1982-03-31,88.29290429999999
1982-04-30,92.2735334
1982-05-31,89.10988490000001
1982-06-30,87.7536686
1982-07-31,86.1934184
1982-08-31,96.6491977
1982-09-30,97.84689370000001
1982-10-31,109.111007
1982-11-30,113.51970209999999
1982-12-31,115.70908700000001
1983-01-31,120.01720729999998
1983-02-28,122.77085679999999
1983-03-31,127.3116615
1983-04-30,137.3313043
1983-05-31,136.11839019999996
1983-06-30,141.4144185
1983-07-31,137.2368942
1983-08-31,139.28297
1983-09-30,141.1996497
1983-10-31,139.55996340000002
1983-11-30,142.4959876
1983-12-31,141.74325869999998
1984-01-31,140.9507136
1984-02-29,135.9893941
1984-03-31,138.34297469999998
1984-04-30,139.62882539999998
1984-05-31,131.87288470000001
1984-06-30,134.7088429
1984-07-31,133.0337281
1984-08-31,147.7228266
1984-09-30,147.75346480000002
1984-10-31,148.30230509999998
1984-11-30,146.6210188
1984-12-31,150.4637031
1985-01-31,162.1845471
1985-02-28,164.1606466
1985-03-31,164.26786299999998
1985-04-30,164.099095
1985-05-31,173.5569171
1985-06-30,176.2527914
1985-07-31,175.99913899999999
1985-08-31,174.49092019999998
1985-09-30,169.03683759999998
1985-10-31,176.8332929
1985-11-30,188.9520256
1985-12-31,198.08184630000002
1986-01-31,199.17770149999998
1986-02-28,214.0445733
1986-03-31,225.9757943
1986-04-30,223.4172804
1986-05-31,235.2787618
1986-06-30,239.2406694
1986-07-31,225.85631150000003
1986-08-31,242.59085499999998
1986-09-30,222.52241490000003
1986-10-31,235.36395860000002
1986-11-30,241.0840694
1986-12-31,234.93187379999998
1987-01-31,266.5617113
1987-02-28,277.0789962
1987-03-31,285.0688726
1987-04-30,282.49757
1987-05-31,284.89849069999997
1987-06-30,299.2458779
1987-07-31,314.38761689999995
1987-08-31,326.09137979999997
1987-09-30,318.9243259
1987-10-31,250.24444599999998
1987-11-30,229.61688629999998
1987-12-31,247.0799963
1988-01-29,257.473
1988-02-29,269.475
1988-03-31,261.15
1988-04-29,264.038
1988-05-31,266.322
1988-06-30,278.54400000000004
1988-07-29,277.487
1988-08-31,268.067
1988-09-30,279.488
1988-10-31,287.27
1988-11-30,283.176
1988-12-30,288.116
1989-01-31,309.214
1989-02-28,301.508
1989-03-31,308.54200000000003
1989-04-28,324.562
1989-05-31,337.69300000000004
1989-06-30,335.778
1989-07-31,366.095
1989-08-31,373.25199999999995
1989-09-29,371.73800000000006
1989-10-31,363.106
1989-11-30,370.51099999999997
1989-12-29,379.409
1990-01-31,353.93699999999995
1990-02-28,358.496
1990-03-30,367.995
1990-04-30,358.815
1990-05-31,393.801
1990-06-29,391.144
1990-07-31,389.89
1990-08-31,354.648
1990-09-28,337.38800000000003
1990-10-31,335.952
1990-11-30,357.668
1990-12-31,367.631
1991-01-31,383.642
1991-02-28,411.07800000000003
1991-03-28,421.032
1991-04-30,422.029
1991-05-31,440.235
1991-06-28,420.06699999999995
1991-07-31,439.64599999999996
1991-08-30,450.06199999999995
1991-09-30,442.53
1991-10-31,448.48
1991-11-29,430.409
1991-12-31,479.63300000000004
1992-01-31,470.695
1992-02-28,476.791
1992-03-31,467.51800000000003
1992-04-30,481.245
1992-05-29,483.60400000000004
1992-06-30,476.409
1992-07-31,495.87199999999996
1992-08-31,485.723
1992-09-30,491.431
1992-10-30,493.129
1992-11-30,509.92
1992-12-31,516.178
1993-01-29,520.494
1993-02-26,527.587
1993-03-31,538.719
1993-04-30,525.698
1993-05-28,539.761
1993-06-30,541.341
1993-07-30,539.164
1993-08-31,559.621
1993-09-30,555.33
1993-10-29,566.817
1993-11-30,561.414
1993-12-31,568.202
1994-01-31,587.519
1994-02-28,571.573
1994-03-31,546.654
1994-04-29,553.664
1994-05-31,562.75
1994-06-30,548.956
1994-07-29,566.982
1994-08-31,590.2280000000001
1994-09-30,575.795
1994-10-31,588.731
1994-11-30,567.286
1994-12-30,575.705
1995-01-31,590.635
1995-02-28,613.653
1995-03-31,631.76
1995-04-28,650.363
1995-05-31,676.357
1995-06-30,692.067
1995-07-31,715.018
1995-08-31,716.815
1995-09-29,747.066
1995-10-31,744.3960000000001
1995-11-30,777.074
1995-12-29,792.0419999999999
1996-01-31,819.0
1996-02-29,826.5930000000001
1996-03-29,834.55
1996-04-30,846.8539999999999
1996-05-31,868.694
1996-06-28,872.008
1996-07-31,833.482
1996-08-30,851.064
1996-09-30,898.966
1996-10-31,923.76
1996-11-29,993.584
1996-12-31,973.8969999999999
1997-01-31,1034.741
1997-02-28,1042.851
1997-03-31,1000.02
1997-04-30,1059.701
1997-05-30,1124.219
1997-06-30,1174.586
1997-07-31,1268.045
1997-08-29,1197.007
1997-09-30,1262.563
1997-10-31,1220.397
1997-11-28,1276.892
1997-12-31,1298.8210000000001
1998-01-30,1313.1870000000001
1998-02-27,1407.9
1998-03-31,1479.997
1998-04-30,1494.8870000000002
1998-05-29,1469.193
1998-06-30,1528.87
1998-07-31,1512.59
1998-08-31,1293.904
1998-09-30,1376.7920000000001
1998-10-30,1488.783
1998-11-30,1579.015
1998-12-31,1670.006
1999-01-29,1739.839
1999-02-26,1685.767
1999-03-31,1753.2120000000002
1999-04-30,1821.106
1999-05-28,1778.1
1999-06-30,1876.783
1999-07-30,1818.181
1999-08-31,1809.1860000000001
1999-09-30,1759.589
1999-10-29,1870.9370000000001
1999-11-30,1908.97
1999-12-31,2021.401
2000-01-31,1919.8410000000001
2000-02-29,1883.499
2000-03-31,2067.75
2000-04-28,2005.549
2000-05-31,1964.401
2000-06-30,2012.83
2000-07-31,1981.361
2000-08-31,2104.4320000000002
2000-09-29,1993.332
2000-10-31,1984.905
2000-11-30,1828.4160000000002
2000-12-29,1837.365
2001-01-31,1902.5529999999999
2001-02-28,1729.075
2001-03-30,1619.537
2001-04-30,1745.392
2001-05-31,1757.086
2001-06-29,1714.3210000000001
2001-07-31,1697.445
2001-08-31,1591.182
2001-09-28,1462.69
2001-10-31,1490.582
2001-11-30,1604.9189999999999
2001-12-31,1618.979
2002-01-31,1595.3529999999998
2002-02-28,1564.586
2002-03-28,1623.4289999999999
2002-04-30,1525.004
2002-05-31,1513.769
2002-06-28,1405.9289999999999
2002-07-31,1296.344
2002-08-30,1304.855
2002-09-30,1163.0439999999999
2002-10-31,1265.411
2002-11-29,1339.892
2002-12-31,1261.1760000000002
2003-01-31,1228.138
2003-02-28,1209.711
2003-03-31,1221.4560000000001
2003-04-30,1322.068
2003-05-30,1391.724
2003-06-30,1409.4779999999998
2003-07-31,1434.329
2003-08-29,1462.3020000000001
2003-09-30,1446.773
2003-10-31,1528.6170000000002
2003-11-28,1542.066
2003-12-31,1622.9389999999999
2004-01-30,1652.7279999999998
2004-02-27,1675.7
2004-03-31,1650.42
2004-04-30,1624.511
2004-05-28,1646.8039999999999
2004-06-30,1678.826
2004-07-30,1623.2620000000002
2004-08-31,1629.828
2004-09-30,1647.48
2004-10-29,1672.649
2004-11-30,1740.3270000000002
2004-12-31,1799.5479999999998
2005-01-31,1755.684
2005-02-28,1792.631
2005-03-31,1760.8870000000002
2005-04-29,1727.491
2005-05-31,1782.457
2005-06-30,1784.987
2005-07-29,1851.368
2005-08-31,1834.476
2005-09-30,1849.3339999999998
2005-10-31,1818.504
2005-11-30,1887.2839999999999
2005-12-30,1887.931
2006-01-31,1937.93
2006-02-28,1943.19
2006-03-31,1967.38
2006-04-28,1993.79
2006-05-31,1936.41
2006-06-30,1939.03
2006-07-31,1950.99
2006-08-31,1997.42
2006-09-29,2048.89
2006-10-31,2115.65
2006-11-30,2155.89
2006-12-29,2186.13
2007-01-31,2219.19
2007-02-28,2175.78
2007-03-30,2200.12
2007-04-30,2297.57
2007-05-31,2377.75
2007-06-29,2338.25
2007-07-31,2265.75
2007-08-31,2299.71
2007-09-28,2385.72
2007-10-31,2423.67
2007-11-30,2322.34
2007-12-31,2306.23
2008-01-31,2167.9
2008-02-29,2097.48
2008-03-31,2088.42
2008-04-30,2190.13
2008-05-30,2218.5
2008-06-30,2031.47
2008-07-31,2014.39
2008-08-29,2043.53
2008-09-30,1861.44
2008-10-31,1548.81
2008-11-28,1437.68
2008-12-31,1452.98
2009-01-30,1330.51
2009-02-27,1188.84
2009-03-31,1292.98
2009-04-30,1416.73
2009-05-29,1495.97
2009-06-30,1498.94
2009-07-31,1612.31
2009-08-31,1670.52
2009-09-30,1732.86
2009-10-30,1700.67
2009-11-30,1802.68
2009-12-31,1837.49
2010-01-29,1771.4
2010-02-26,1826.27
2010-03-31,1936.48
2010-04-30,1967.05
2010-05-28,1809.98
2010-06-30,1715.23
2010-07-30,1835.4
2010-08-31,1752.55
2010-09-30,1908.95
2010-10-29,1981.59
2010-11-30,1981.84
2010-12-31,2114.29
2011-01-31,2164.3999
2011-02-28,2238.55
2011-03-31,2239.4399
2011-04-29,2305.76
2011-05-31,2279.6599
2011-06-30,2241.6599
2011-07-29,2196.0801
2011-08-31,2076.78
2011-09-30,1930.79
2011-10-31,2141.8101
2011-11-30,2137.0801
2011-12-30,2158.9399
2012-01-31,2255.6899
2012-02-29,2353.23
2012-03-30,2430.6699
2012-04-30,2415.4199
2012-05-31,2270.2495
2012-06-29,2363.7888
2012-07-31,2396.6194
2012-08-31,2450.5981
2012-09-28,2513.9258
2012-10-31,2467.5078
2012-11-30,2481.82
2012-12-31,2504.44
2013-01-31,2634.16
2013-02-28,2669.92
2013-03-28,2770.05
2013-04-30,2823.42
2013-05-31,2889.46
2013-06-28,2850.66
2013-07-31,2995.72
2013-08-30,2908.96
2013-09-30,3000.18
2013-10-31,3138.09
2013-11-29,3233.72
2013-12-31,3315.59
2014-01-31,3200.95
2014-02-28,3347.38
2014-03-31,3375.51
2014-04-30,3400.46
2014-05-30,3480.29
2014-06-30,3552.18
2014-07-31,3503.19
2014-08-29,3643.33
2014-09-30,3592.25
2014-10-31,3679.99
2014-11-28,3778.96
2014-12-31,3769.44
2015-01-30,3656.28
2015-02-27,3866.42
2015-03-31,3805.27
2015-04-30,3841.78
2015-05-29,3891.18
2015-06-30,3815.85
2015-07-31,3895.8
2015-08-31,3660.75
2015-09-30,3570.17
2015-10-30,3871.33
2015-11-30,3882.84
2015-12-31,3821.6
